{"cameraMode":{"drawMode":0,"name":"Shaded","section":"Shading Mode"},"sceneLighting":false,"audioPlay":false,"sceneViewState":{"showFog":false,"showMaterialUpdate":false,"showSkybox":false,"showFlares":false,"showImageEffects":false,"showParticleSystems":false},"in2DMode":false,"pivot":{"x":1.3969571590423585,"y":6.609115123748779,"z":-1.8866486549377442},"rotation":{"x":-0.014499791897833348,"y":-0.36901813745498659,"z":-0.005757971201092005,"w":0.9292925596237183},"size":10.02531909942627,"orthographic":false}