{"cameraMode":{"drawMode":0,"name":"Shaded","section":"Shading Mode"},"sceneLighting":false,"audioPlay":false,"sceneViewState":{"showFog":false,"showMaterialUpdate":false,"showSkybox":false,"showFlares":false,"showImageEffects":false,"showParticleSystems":false},"in2DMode":false,"pivot":{"x":-0.5273558497428894,"y":2.293365240097046,"z":1.4354453086853028},"rotation":{"x":0.019172994419932367,"y":0.9805911183357239,"z":-0.12660232186317445,"w":0.14849896728992463},"size":2.2835018634796144,"orthographic":false}