{"cameraMode":{"drawMode":0,"name":"Shaded","section":"Shading Mode"},"sceneLighting":false,"audioPlay":false,"sceneViewState":{"showFog":false,"showMaterialUpdate":false,"showSkybox":false,"showFlares":false,"showImageEffects":false,"showParticleSystems":false},"in2DMode":false,"pivot":{"x":-5.440855503082275,"y":22.20079231262207,"z":-7.784945964813232},"rotation":{"x":0.258303701877594,"y":-0.6848869919776917,"z":-0.28609371185302737,"w":-0.6183585524559021},"size":0.7071067690849304,"orthographic":false}